<?xml version="1.0" encoding="UTF-8"?>
<project-private xmlns="http://www.netbeans.org/ns/project-private/1">
    <editor-bookmarks xmlns="http://www.netbeans.org/ns/editor-bookmarks/2" lastBookmarkId="0"/>
    <open-files xmlns="http://www.netbeans.org/ns/projectui-open-files/2">
        <group>
            <file>file:/D:/xampp/htdocs/CIS/Assignment3/model/category_db.php</file>
            <file>file:/D:/xampp/htdocs/CIS/Assignment3/product_manager/product_add.php</file>
            <file>file:/D:/xampp/htdocs/CIS/Assignment3/view/header.php</file>
            <file>file:/D:/xampp/htdocs/CIS/Assignment3/model/product_db.php</file>
            <file>file:/D:/xampp/htdocs/CIS/Assignment3/product_catalog/product_list.php</file>
            <file>file:/D:/xampp/htdocs/CIS/Assignment3/cart/index.php</file>
            <file>file:/D:/xampp/htdocs/CIS/Assignment3/product_catalog/product_view.php</file>
            <file>file:/D:/xampp/htdocs/CIS/Assignment3/index.php</file>
            <file>file:/D:/xampp/htdocs/CIS/Assignment3/product_manager/product_list.php</file>
            <file>file:/D:/xampp/htdocs/CIS/Assignment3/errors/error.php</file>
            <file>file:/D:/xampp/htdocs/CIS/Assignment3/product_manager/index.php</file>
            <file>file:/D:/xampp/htdocs/CIS/Assignment3/main.css</file>
            <file>file:/D:/xampp/htdocs/CIS/Assignment3/product_catalog/index.php</file>
            <file>file:/D:/xampp/htdocs/CIS/Assignment3/model/database.php</file>
            <file>file:/D:/xampp/htdocs/CIS/Assignment3/errors/database_error.php</file>
            <file>file:/D:/xampp/htdocs/CIS/Assignment3/view/footer.php</file>
        </group>
    </open-files>
</project-private>
